{"errors":[],"warnings":[],"namedChunkGroups":{"app":{"chunks":[26,6],"assets":["webpack-runtime-3285a330cbc26ed7d833.js","webpack-runtime-3285a330cbc26ed7d833.js.map","app-e3715208a1b22ed1b809.js","app-e3715208a1b22ed1b809.js.map"],"children":{},"childAssets":{}},"component---src-templates-page-tsx":{"chunks":[0,1,7],"assets":["0-a8607dc19d338bdbbd61.js","0-a8607dc19d338bdbbd61.js.map","1.53296a517f72fb3b9298.css","1-0acfc1d1e432887a2f21.js","1.53296a517f72fb3b9298.css.map","1-0acfc1d1e432887a2f21.js.map","component---src-templates-page-tsx-9abe146998c33fd85b54.js","component---src-templates-page-tsx-9abe146998c33fd85b54.js.map"],"children":{},"childAssets":{}},"component---src-pages-404-tsx":{"chunks":[0,1,8],"assets":["0-a8607dc19d338bdbbd61.js","0-a8607dc19d338bdbbd61.js.map","1.53296a517f72fb3b9298.css","1-0acfc1d1e432887a2f21.js","1.53296a517f72fb3b9298.css.map","1-0acfc1d1e432887a2f21.js.map","component---src-pages-404-tsx-eadf1aba2c7a80b0ce4e.js","component---src-pages-404-tsx-eadf1aba2c7a80b0ce4e.js.map"],"children":{},"childAssets":{}},"component---src-pages-addl-info-tsx":{"chunks":[0,2,3,25,9],"assets":["0-a8607dc19d338bdbbd61.js","0-a8607dc19d338bdbbd61.js.map","2-493674c05b8edca1c36e.js","2-493674c05b8edca1c36e.js.map","3-b9a35c2b40a6caef7d9c.js","3-b9a35c2b40a6caef7d9c.js.map","25-5451d42615057c351261.js","25-5451d42615057c351261.js.map","component---src-pages-addl-info-tsx.53296a517f72fb3b9298.css","component---src-pages-addl-info-tsx-d787e2d1ea848554458d.js","component---src-pages-addl-info-tsx.53296a517f72fb3b9298.css.map","component---src-pages-addl-info-tsx-d787e2d1ea848554458d.js.map"],"children":{},"childAssets":{}},"component---src-pages-admin-index-tsx":{"chunks":[0,2,3,4,10],"assets":["0-a8607dc19d338bdbbd61.js","0-a8607dc19d338bdbbd61.js.map","2-493674c05b8edca1c36e.js","2-493674c05b8edca1c36e.js.map","3-b9a35c2b40a6caef7d9c.js","3-b9a35c2b40a6caef7d9c.js.map","4-c268566789ff69ad1086.js","4-c268566789ff69ad1086.js.map","component---src-pages-admin-index-tsx.23c074a8bf1fbaefa885.css","component---src-pages-admin-index-tsx-a501561bd1c9ff636c95.js","component---src-pages-admin-index-tsx.23c074a8bf1fbaefa885.css.map","component---src-pages-admin-index-tsx-a501561bd1c9ff636c95.js.map"],"children":{},"childAssets":{}},"component---src-pages-admin-manage-questions-tsx":{"chunks":[0,2,3,4,11],"assets":["0-a8607dc19d338bdbbd61.js","0-a8607dc19d338bdbbd61.js.map","2-493674c05b8edca1c36e.js","2-493674c05b8edca1c36e.js.map","3-b9a35c2b40a6caef7d9c.js","3-b9a35c2b40a6caef7d9c.js.map","4-c268566789ff69ad1086.js","4-c268566789ff69ad1086.js.map","component---src-pages-admin-manage-questions-tsx.23c074a8bf1fbaefa885.css","component---src-pages-admin-manage-questions-tsx-cc15124f7878dd32714d.js","component---src-pages-admin-manage-questions-tsx.23c074a8bf1fbaefa885.css.map","component---src-pages-admin-manage-questions-tsx-cc15124f7878dd32714d.js.map"],"children":{},"childAssets":{}},"component---src-pages-admin-rules-tsx":{"chunks":[0,2,3,4,12],"assets":["0-a8607dc19d338bdbbd61.js","0-a8607dc19d338bdbbd61.js.map","2-493674c05b8edca1c36e.js","2-493674c05b8edca1c36e.js.map","3-b9a35c2b40a6caef7d9c.js","3-b9a35c2b40a6caef7d9c.js.map","4-c268566789ff69ad1086.js","4-c268566789ff69ad1086.js.map","component---src-pages-admin-rules-tsx.23c074a8bf1fbaefa885.css","component---src-pages-admin-rules-tsx-36f0a78ee303c537b8d9.js","component---src-pages-admin-rules-tsx.23c074a8bf1fbaefa885.css.map","component---src-pages-admin-rules-tsx-36f0a78ee303c537b8d9.js.map"],"children":{},"childAssets":{}},"component---src-pages-admin-site-tsx":{"chunks":[0,2,3,4,13],"assets":["0-a8607dc19d338bdbbd61.js","0-a8607dc19d338bdbbd61.js.map","2-493674c05b8edca1c36e.js","2-493674c05b8edca1c36e.js.map","3-b9a35c2b40a6caef7d9c.js","3-b9a35c2b40a6caef7d9c.js.map","4-c268566789ff69ad1086.js","4-c268566789ff69ad1086.js.map","component---src-pages-admin-site-tsx.23c074a8bf1fbaefa885.css","component---src-pages-admin-site-tsx-f2e4278cc6a314a5c9db.js","component---src-pages-admin-site-tsx.23c074a8bf1fbaefa885.css.map","component---src-pages-admin-site-tsx-f2e4278cc6a314a5c9db.js.map"],"children":{},"childAssets":{}},"component---src-pages-contact-info-tsx":{"chunks":[0,1,14],"assets":["0-a8607dc19d338bdbbd61.js","0-a8607dc19d338bdbbd61.js.map","1.53296a517f72fb3b9298.css","1-0acfc1d1e432887a2f21.js","1.53296a517f72fb3b9298.css.map","1-0acfc1d1e432887a2f21.js.map","component---src-pages-contact-info-tsx-61100d8a3053a50579d3.js","component---src-pages-contact-info-tsx-61100d8a3053a50579d3.js.map"],"children":{},"childAssets":{}},"component---src-pages-done-tsx":{"chunks":[0,1,15],"assets":["0-a8607dc19d338bdbbd61.js","0-a8607dc19d338bdbbd61.js.map","1.53296a517f72fb3b9298.css","1-0acfc1d1e432887a2f21.js","1.53296a517f72fb3b9298.css.map","1-0acfc1d1e432887a2f21.js.map","component---src-pages-done-tsx-14375b0ced55d8f23e0a.js","component---src-pages-done-tsx-14375b0ced55d8f23e0a.js.map"],"children":{},"childAssets":{}},"component---src-pages-have-order-tsx":{"chunks":[0,1,16],"assets":["0-a8607dc19d338bdbbd61.js","0-a8607dc19d338bdbbd61.js.map","1.53296a517f72fb3b9298.css","1-0acfc1d1e432887a2f21.js","1.53296a517f72fb3b9298.css.map","1-0acfc1d1e432887a2f21.js.map","component---src-pages-have-order-tsx-1499e28584faa9a43709.js","component---src-pages-have-order-tsx-1499e28584faa9a43709.js.map"],"children":{},"childAssets":{}},"component---src-pages-index-tsx":{"chunks":[0,2,1,17],"assets":["0-a8607dc19d338bdbbd61.js","0-a8607dc19d338bdbbd61.js.map","2-493674c05b8edca1c36e.js","2-493674c05b8edca1c36e.js.map","1.53296a517f72fb3b9298.css","1-0acfc1d1e432887a2f21.js","1.53296a517f72fb3b9298.css.map","1-0acfc1d1e432887a2f21.js.map","component---src-pages-index-tsx-b430f529b167128c3042.js","component---src-pages-index-tsx-b430f529b167128c3042.js.map"],"children":{},"childAssets":{}},"component---src-pages-mri-type-tsx":{"chunks":[0,1,18],"assets":["0-a8607dc19d338bdbbd61.js","0-a8607dc19d338bdbbd61.js.map","1.53296a517f72fb3b9298.css","1-0acfc1d1e432887a2f21.js","1.53296a517f72fb3b9298.css.map","1-0acfc1d1e432887a2f21.js.map","component---src-pages-mri-type-tsx-9d6463e12462bbf7662e.js","component---src-pages-mri-type-tsx-9d6463e12462bbf7662e.js.map"],"children":{},"childAssets":{}},"component---src-pages-no-order-tsx":{"chunks":[0,1,19],"assets":["0-a8607dc19d338bdbbd61.js","0-a8607dc19d338bdbbd61.js.map","1.53296a517f72fb3b9298.css","1-0acfc1d1e432887a2f21.js","1.53296a517f72fb3b9298.css.map","1-0acfc1d1e432887a2f21.js.map","component---src-pages-no-order-tsx-93e377c53ab7a7297374.js","component---src-pages-no-order-tsx-93e377c53ab7a7297374.js.map"],"children":{},"childAssets":{}},"component---src-pages-no-type-tsx":{"chunks":[0,1,20],"assets":["0-a8607dc19d338bdbbd61.js","0-a8607dc19d338bdbbd61.js.map","1.53296a517f72fb3b9298.css","1-0acfc1d1e432887a2f21.js","1.53296a517f72fb3b9298.css.map","1-0acfc1d1e432887a2f21.js.map","component---src-pages-no-type-tsx-ff2238c70e4ba413c279.js","component---src-pages-no-type-tsx-ff2238c70e4ba413c279.js.map"],"children":{},"childAssets":{}},"component---src-pages-pick-time-tsx":{"chunks":[0,2,5,1,21],"assets":["0-a8607dc19d338bdbbd61.js","0-a8607dc19d338bdbbd61.js.map","2-493674c05b8edca1c36e.js","2-493674c05b8edca1c36e.js.map","5-5d94fe737f9003e34434.js","5-5d94fe737f9003e34434.js.map","1.53296a517f72fb3b9298.css","1-0acfc1d1e432887a2f21.js","1.53296a517f72fb3b9298.css.map","1-0acfc1d1e432887a2f21.js.map","component---src-pages-pick-time-tsx-e948f494d72225eb5fc5.js","component---src-pages-pick-time-tsx-e948f494d72225eb5fc5.js.map"],"children":{},"childAssets":{}},"component---src-pages-questions-2-tsx":{"chunks":[0,1,22],"assets":["0-a8607dc19d338bdbbd61.js","0-a8607dc19d338bdbbd61.js.map","1.53296a517f72fb3b9298.css","1-0acfc1d1e432887a2f21.js","1.53296a517f72fb3b9298.css.map","1-0acfc1d1e432887a2f21.js.map","component---src-pages-questions-2-tsx-31b0c85487f78fbfed8c.js","component---src-pages-questions-2-tsx-31b0c85487f78fbfed8c.js.map"],