{"errors":[],"warnings":[],"namedChunkGroups":{"app":{"chunks":[26,6],"assets":["webpack-runtime-33cf418ac5695a7144ff.js","webpack-runtime-33cf418ac5695a7144ff.js.map","app-e3715208a1b22ed1b809.js","app-e3715208a1b22ed1b809.js.map"],"children":{},"childAssets":{}},"component---src-templates-page-tsx":{"chunks":[0,1,7],"assets":["0-e4422a14649c8b9a810a.js","0-e4422a14649c8b9a810a.js.map","1.53296a517f72fb3b9298.css","1-f210a2afb87b4452f872.js","1.53296a517f72fb3b9298.css.map","1-f210a2afb87b4452f872.js.map","component---src-templates-page-tsx-6a046209891f8be70bd1.js","component---src-templates-page-tsx-6a046209891f8be70bd1.js.map"],"children":{},"childAssets":{}},"component---src-pages-404-tsx":{"chunks":[0,1,8],"assets":["0-e4422a14649c8b9a810a.js","0-e4422a14649c8b9a810a.js.map","1.53296a517f72fb3b9298.css","1-f210a2afb87b4452f872.js","1.53296a517f72fb3b9298.css.map","1-f210a2afb87b4452f872.js.map","component---src-pages-404-tsx-612aef2f184de5ef9ca5.js","component---src-pages-404-tsx-612aef2f184de5ef9ca5.js.map"],"children":{},"childAssets":{}},"component---src-pages-addl-info-tsx":{"chunks":[0,2,3,25,9],"assets":["0-e4422a14649c8b9a810a.js","0-e4422a14649c8b9a810a.js.map","2-493674c05b8edca1c36e.js","2-493674c05b8edca1c36e.js.map","3-e3ff53bd3d72f38d794a.js","3-e3ff53bd3d72f38d794a.js.map","25-4362b3bebcf0c1f0a617.js","25-4362b3bebcf0c1f0a617.js.map","component---src-pages-addl-info-tsx.53296a517f72fb3b9298.css","component---src-pages-addl-info-tsx-0a26d05b065cee4ddb96.js","component---src-pages-addl-info-tsx.53296a517f72fb3b9298.css.map","component---src-pages-addl-info-tsx-0a26d05b065cee4ddb96.js.map"],"children":{},"childAssets":{}},"component---src-pages-admin-index-tsx":{"chunks":[0,2,3,4,10],"assets":["0-e4422a14649c8b9a810a.js","0-e4422a14649c8b9a810a.js.map","2-493674c05b8edca1c36e.js","2-493674c05b8edca1c36e.js.map","3-e3ff53bd3d72f38d794a.js","3-e3ff53bd3d72f38d794a.js.map","4-4fdd0dbd0e3b485c3b93.js","4-4fdd0dbd0e3b485c3b93.js.map","component---src-pages-admin-index-tsx.23c074a8bf1fbaefa885.css","component---src-pages-admin-index-tsx-ff64405601b43c873d83.js","component---src-pages-admin-index-tsx.23c074a8bf1fbaefa885.css.map","component---src-pages-admin-index-tsx-ff64405601b43c873d83.js.map"],"children":{},"childAssets":{}},"component---src-pages-admin-manage-questions-tsx":{"chunks":[0,2,3,4,11],"assets":["0-e4422a14649c8b9a810a.js","0-e4422a14649c8b9a810a.js.map","2-493674c05b8edca1c36e.js","2-493674c05b8edca1c36e.js.map","3-e3ff53bd3d72f38d794a.js","3-e3ff53bd3d72f38d794a.js.map","4-4fdd0dbd0e3b485c3b93.js","4-4fdd0dbd0e3b485c3b93.js.map","component---src-pages-admin-manage-questions-tsx.23c074a8bf1fbaefa885.css","component---src-pages-admin-manage-questions-tsx-4268dbbd9488f291fcc4.js","component---src-pages-admin-manage-questions-tsx.23c074a8bf1fbaefa885.css.map","component---src-pages-admin-manage-questions-tsx-4268dbbd9488f291fcc4.js.map"],"children":{},"childAssets":{}},"component---src-pages-admin-rules-tsx":{"chunks":[0,2,3,4,12],"assets":["0-e4422a14649c8b9a810a.js","0-e4422a14649c8b9a810a.js.map","2-493674c05b8edca1c36e.js","2-493674c05b8edca1c36e.js.map","3-e3ff53bd3d72f38d794a.js","3-e3ff53bd3d72f38d794a.js.map","4-4fdd0dbd0e3b485c3b93.js","4-4fdd0dbd0e3b485c3b93.js.map","component---src-pages-admin-rules-tsx.23c074a8bf1fbaefa885.css","component---src-pages-admin-rules-tsx-da7a52126c00423ba465.js","component---src-pages-admin-rules-tsx.23c074a8bf1fbaefa885.css.map","component---src-pages-admin-rules-tsx-da7a52126c00423ba465.js.map"],"children":{},"childAssets":{}},"component---src-pages-admin-site-tsx":{"chunks":[0,2,3,4,13],"assets":["0-e4422a14649c8b9a810a.js","0-e4422a14649c8b9a810a.js.map","2-493674c05b8edca1c36e.js","2-493674c05b8edca1c36e.js.map","3-e3ff53bd3d72f38d794a.js","3-e3ff53bd3d72f38d794a.js.map","4-4fdd0dbd0e3b485c3b93.js","4-4fdd0dbd0e3b485c3b93.js.map","component---src-pages-admin-site-tsx.23c074a8bf1fbaefa885.css","component---src-pages-admin-site-tsx-61a1a638d21e5597dcfd.js","component---src-pages-admin-site-tsx.23c074a8bf1fbaefa885.css.map","component---src-pages-admin-site-tsx-61a1a638d21e5597dcfd.js.map"],"children":{},"childAssets":{}},"component---src-pages-contact-info-tsx":{"chunks":[0,1,14],"assets":["0-e4422a14649c8b9a810a.js","0-e4422a14649c8b9a810a.js.map","1.53296a517f72fb3b9298.css","1-f210a2afb87b4452f872.js","1.53296a517f72fb3b9298.css.map","1-f210a2afb87b4452f872.js.map","component---src-pages-contact-info-tsx-bb141008dad9f083f822.js","component---src-pages-contact-info-tsx-bb141008dad9f083f822.js.map"],"children":{},"childAssets":{}},"component---src-pages-done-tsx":{"chunks":[0,1,15],"assets":["0-e4422a14649c8b9a810a.js","0-e4422a14649c8b9a810a.js.map","1.53296a517f72fb3b9298.css","1-f210a2afb87b4452f872.js","1.53296a517f72fb3b9298.css.map","1-f210a2afb87b4452f872.js.map","component---src-pages-done-tsx-084c4cc3d1c1518eaae0.js","component---src-pages-done-tsx-084c4cc3d1c1518eaae0.js.map"],"children":{},"childAssets":{}},"component---src-pages-have-order-tsx":{"chunks":[0,1,16],"assets":["0-e4422a14649c8b9a810a.js","0-e4422a14649c8b9a810a.js.map","1.53296a517f72fb3b9298.css","1-f210a2afb87b4452f872.js","1.53296a517f72fb3b9298.css.map","1-f210a2afb87b4452f872.js.map","component---src-pages-have-order-tsx-cacbd797bab00d2c46af.js","component---src-pages-have-order-tsx-cacbd797bab00d2c46af.js.map"],"children":{},"childAssets":{}},"component---src-pages-index-tsx":{"chunks":[0,2,1,17],"assets":["0-e4422a14649c8b9a810a.js","0-e4422a14649c8b9a810a.js.map","2-493674c05b8edca1c36e.js","2-493674c05b8edca1c36e.js.map","1.53296a517f72fb3b9298.css","1-f210a2afb87b4452f872.js","1.53296a517f72fb3b9298.css.map","1-f210a2afb87b4452f872.js.map","component---src-pages-index-tsx-0d3c7a03c911dac39e37.js","component---src-pages-index-tsx-0d3c7a03c911dac39e37.js.map"],"children":{},"childAssets":{}},"component---src-pages-mri-type-tsx":{"chunks":[0,1,18],"assets":["0-e4422a14649c8b9a810a.js","0-e4422a14649c8b9a810a.js.map","1.53296a517f72fb3b9298.css","1-f210a2afb87b4452f872.js","1.53296a517f72fb3b9298.css.map","1-f210a2afb87b4452f872.js.map","component---src-pages-mri-type-tsx-be1e3883192b7a8c2100.js","component---src-pages-mri-type-tsx-be1e3883192b7a8c2100.js.map"],"children":{},"childAssets":{}},"component---src-pages-no-order-tsx":{"chunks":[0,1,19],"assets":["0-e4422a14649c8b9a810a.js","0-e4422a14649c8b9a810a.js.map","1.53296a517f72fb3b9298.css","1-f210a2afb87b4452f872.js","1.53296a517f72fb3b9298.css.map","1-f210a2afb87b4452f872.js.map","component---src-pages-no-order-tsx-4624e934797b6b70ba6b.js","component---src-pages-no-order-tsx-4624e934797b6b70ba6b.js.map"],"children":{},"childAssets":{}},"component---src-pages-no-type-tsx":{"chunks":[0,1,20],"assets":["0-e4422a14649c8b9a810a.js","0-e4422a14649c8b9a810a.js.map","1.53296a517f72fb3b9298.css","1-f210a2afb87b4452f872.js","1.53296a517f72fb3b9298.css.map","1-f210a2afb87b4452f872.js.map","component---src-pages-no-type-tsx-a102fba75c6821950fcb.js","component---src-pages-no-type-tsx-a102fba75c6821950fcb.js.map"],"children":{},"childAssets":{}},"component---src-pages-pick-time-tsx":{"chunks":[0,2,5,1,21],"assets":["0-e4422a14649c8b9a810a.js","0-e4422a14649c8b9a810a.js.map","2-493674c05b8edca1c36e.js","2-493674c05b8edca1c36e.js.map","5-e03f45afe0c29fadd4d3.js","5-e03f45afe0c29fadd4d3.js.map","1.53296a517f72fb3b9298.css","1-f210a2afb87b4452f872.js","1.53296a517f72fb3b9298.css.map","1-f210a2afb87b4452f872.js.map","component---src-pages-pick-time-tsx-22374d3745af5d566624.js","component---src-pages-pick-time-tsx-22374d3745af5d566624.js.map"],"children":{},"childAssets":{}},"component---src-pages-questions-2-tsx":{"chunks":[0,1,22],"assets":["0-e4422a14649c8b9a810a.js","0-e4422a14649c8b9a810a.js.map","1.53296a517f72fb3b9298.css","1-f210a2afb87b4452f872.js","1.53296a517f72fb3b9298.css.map","1-f210a2afb87b4452f872.js.map","component---src-pages-questions-2-tsx-9eee67a579e248e56e3d.js","component---src-pages-questions-2-tsx-9eee67a579e248e56e3d.js.map"],