{"errors":[],"warnings":[],"namedChunkGroups":{"app":{"chunks":[25,5],"assets":["webpack-runtime-04c291805d67b7a522ac.js","webpack-runtime-04c291805d67b7a522ac.js.map","app-5cd775ff36bb8b1e5491.js","app-5cd775ff36bb8b1e5491.js.map"],"children":{},"childAssets":{}},"component---src-templates-page-tsx":{"chunks":[0,1,6],"assets":["0-cd5acd68c41e952528e3.js","0-cd5acd68c41e952528e3.js.map","1.713898bfb3e0adc02d69.css","1-1c34025ca97c394a060d.js","1.713898bfb3e0adc02d69.css.map","1-1c34025ca97c394a060d.js.map","component---src-templates-page-tsx-f403bf9c6ce02060e35b.js","component---src-templates-page-tsx-f403bf9c6ce02060e35b.js.map"],"children":{},"childAssets":{}},"component---src-pages-404-tsx":{"chunks":[0,1,7],"assets":["0-cd5acd68c41e952528e3.js","0-cd5acd68c41e952528e3.js.map","1.713898bfb3e0adc02d69.css","1-1c34025ca97c394a060d.js","1.713898bfb3e0adc02d69.css.map","1-1c34025ca97c394a060d.js.map","component---src-pages-404-tsx-be4d91227feac2a7ad77.js","component---src-pages-404-tsx-be4d91227feac2a7ad77.js.map"],"children":{},"childAssets":{}},"component---src-pages-addl-info-tsx":{"chunks":[0,2,3,24,8],"assets":["0-cd5acd68c41e952528e3.js","0-cd5acd68c41e952528e3.js.map","2-7736bf85ffe0773f0d05.js","2-7736bf85ffe0773f0d05.js.map","3-9120f9a9df905af5a3ef.js","3-9120f9a9df905af5a3ef.js.map","24-5b2605aebb2587825b40.js","24-5b2605aebb2587825b40.js.map","component---src-pages-addl-info-tsx.713898bfb3e0adc02d69.css","component---src-pages-addl-info-tsx-4937b96d6c0aee9896f6.js","component---src-pages-addl-info-tsx.713898bfb3e0adc02d69.css.map","component---src-pages-addl-info-tsx-4937b96d6c0aee9896f6.js.map"],"children":{},"childAssets":{}},"component---src-pages-admin-index-tsx":{"chunks":[0,2,3,4,9],"assets":["0-cd5acd68c41e952528e3.js","0-cd5acd68c41e952528e3.js.map","2-7736bf85ffe0773f0d05.js","2-7736bf85ffe0773f0d05.js.map","3-9120f9a9df905af5a3ef.js","3-9120f9a9df905af5a3ef.js.map","4-8ad27c013489e4dbc605.js","4-8ad27c013489e4dbc605.js.map","component---src-pages-admin-index-tsx.20ada57548307a935c75.css","component---src-pages-admin-index-tsx-502a519fb30787c4b302.js","component---src-pages-admin-index-tsx.20ada57548307a935c75.css.map","component---src-pages-admin-index-tsx-502a519fb30787c4b302.js.map"],"children":{},"childAssets":{}},"component---src-pages-admin-manage-questions-tsx":{"chunks":[0,2,3,4,10],"assets":["0-cd5acd68c41e952528e3.js","0-cd5acd68c41e952528e3.js.map","2-7736bf85ffe0773f0d05.js","2-7736bf85ffe0773f0d05.js.map","3-9120f9a9df905af5a3ef.js","3-9120f9a9df905af5a3ef.js.map","4-8ad27c013489e4dbc605.js","4-8ad27c013489e4dbc605.js.map","component---src-pages-admin-manage-questions-tsx.20ada57548307a935c75.css","component---src-pages-admin-manage-questions-tsx-2a96732f428d7cbe8500.js","component---src-pages-admin-manage-questions-tsx.20ada57548307a935c75.css.map","component---src-pages-admin-manage-questions-tsx-2a96732f428d7cbe8500.js.map"],"children":{},"childAssets":{}},"component---src-pages-admin-site-tsx":{"chunks":[0,2,3,4,11],"assets":["0-cd5acd68c41e952528e3.js","0-cd5acd68c41e952528e3.js.map","2-7736bf85ffe0773f0d05.js","2-7736bf85ffe0773f0d05.js.map","3-9120f9a9df905af5a3ef.js","3-9120f9a9df905af5a3ef.js.map","4-8ad27c013489e4dbc605.js","4-8ad27c013489e4dbc605.js.map","component---src-pages-admin-site-tsx.20ada57548307a935c75.css","component---src-pages-admin-site-tsx-bd8f11974c0d9dd0eeac.js","component---src-pages-admin-site-tsx.20ada57548307a935c75.css.map","component---src-pages-admin-site-tsx-bd8f11974c0d9dd0eeac.js.map"],"children":{},"childAssets":{}},"component---src-pages-contact-info-tsx":{"chunks":[0,1,12],"assets":["0-cd5acd68c41e952528e3.js","0-cd5acd68c41e952528e3.js.map","1.713898bfb3e0adc02d69.css","1-1c34025ca97c394a060d.js","1.713898bfb3e0adc02d69.css.map","1-1c34025ca97c394a060d.js.map","component---src-pages-contact-info-tsx-8da23d09e574243c0609.js","component---src-pages-contact-info-tsx-8da23d09e574243c0609.js.map"],"children":{},"childAssets":{}},"component---src-pages-done-tsx":{"chunks":[0,1,13],"assets":["0-cd5acd68c41e952528e3.js","0-cd5acd68c41e952528e3.js.map","1.713898bfb3e0adc02d69.css","1-1c34025ca97c394a060d.js","1.713898bfb3e0adc02d69.css.map","1-1c34025ca97c394a060d.js.map","component---src-pages-done-tsx-eafe0b18fe0601e5c948.js","component---src-pages-done-tsx-eafe0b18fe0601e5c948.js.map"],"children":{},"childAssets":{}},"component---src-pages-have-order-tsx":{"chunks":[0,1,14],"assets":["0-cd5acd68c41e952528e3.js","0-cd5acd68c41e952528e3.js.map","1.713898bfb3e0adc02d69.css","1-1c34025ca97c394a060d.js","1.713898bfb3e0adc02d69.css.map","1-1c34025ca97c394a060d.js.map","component---src-pages-have-order-tsx-ea85e2f5a546fa053526.js","component---src-pages-have-order-tsx-ea85e2f5a546fa053526.js.map"],"children":{},"childAssets":{}},"component---src-pages-index-tsx":{"chunks":[0,1,15],"assets":["0-cd5acd68c41e952528e3.js","0-cd5acd68c41e952528e3.js.map","1.713898bfb3e0adc02d69.css","1-1c34025ca97c394a060d.js","1.713898bfb3e0adc02d69.css.map","1-1c34025ca97c394a060d.js.map","component---src-pages-index-tsx-39fec6decd14adff37ff.js","component---src-pages-index-tsx-39fec6decd14adff37ff.js.map"],"children":{},"childAssets":{}},"component---src-pages-mri-type-tsx":{"chunks":[0,1,16],"assets":["0-cd5acd68c41e952528e3.js","0-cd5acd68c41e952528e3.js.map","1.713898bfb3e0adc02d69.css","1-1c34025ca97c394a060d.js","1.713898bfb3e0adc02d69.css.map","1-1c34025ca97c394a060d.js.map","component---src-pages-mri-type-tsx-8c327f3ee3e69afdb871.js","component---src-pages-mri-type-tsx-8c327f3ee3e69afdb871.js.map"],"children":{},"childAssets":{}},"component---src-pages-no-order-tsx":{"chunks":[0,1,17],"assets":["0-cd5acd68c41e952528e3.js","0-cd5acd68c41e952528e3.js.map","1.713898bfb3e0adc02d69.css","1-1c34025ca97c394a060d.js","1.713898bfb3e0adc02d69.css.map","1-1c34025ca97c394a060d.js.map","component---src-pages-no-order-tsx-b9818d009aa3a89d2e51.js","component---src-pages-no-order-tsx-b9818d009aa3a89d2e51.js.map"],"children":{},"childAssets":{}},"component---src-pages-no-type-tsx":{"chunks":[0,1,18],"assets":["0-cd5acd68c41e952528e3.js","0-cd5acd68c41e952528e3.js.map","1.713898bfb3e0adc02d69.css","1-1c34025ca97c394a060d.js","1.713898bfb3e0adc02d69.css.map","1-1c34025ca97c394a060d.js.map","component---src-pages-no-type-tsx-078b280a36fdfd38f82b.js","component---src-pages-no-type-tsx-078b280a36fdfd38f82b.js.map"],"children":{},"childAssets":{}},"component---src-pages-page-2-tsx":{"chunks":[0,1,19],"assets":["0-cd5acd68c41e952528e3.js","0-cd5acd68c41e952528e3.js.map","1.713898bfb3e0adc02d69.css","1-1c34025ca97c394a060d.js","1.713898bfb3e0adc02d69.css.map","1-1c34025ca97c394a060d.js.map","component---src-pages-page-2-tsx-c0af7a360154a6af13d4.js","component---src-pages-page-2-tsx-c0af7a360154a6af13d4.js.map"],"children":{},"childAssets":{}},"component---src-pages-pick-time-tsx":{"chunks":[0,2,1,20],"assets":["0-cd5acd68c41e952528e3.js","0-cd5acd68c41e952528e3.js.map","2-7736bf85ffe0773f0d05.js","2-7736bf85ffe0773f0d05.js.map","1.713898bfb3e0adc02d69.css","1-1c34025ca97c394a060d.js","1.713898bfb3e0adc02d69.css.map","1-1c34025ca97c394a060d.js.map","component---src-pages-pick-time-tsx-0c0da6bea274919cca6c.js","component---src-pages-pick-time-tsx-0c0da6bea274919cca6c.js.map"],"children":{},"childAssets":{}},"component---src-pages-safety-questions-tsx":{"chunks":[0,23,1,21],"assets":["0-cd5acd68c41e952528e3.js","0-cd5acd68c41e952528e3.js.map","23-8cc4e949eba4c5b5f1a0.js","23-8cc4e949eba4c5b5f1a0.js.map","1.713898bfb3e0adc02d69.css","1-1c34025ca97c394a060d.js","1.713898bfb3e0adc02d69.css.map","1-1c34025ca97c394a060d.js.map","component---src-pages-safety-questions-tsx-b383ff0360335224aa40.js","component---src-pages-safety-questions-tsx-b383ff0360335224aa40.js.map"],"children":{},"childAssets":{}}},"assetsByChunkName":{"app":["webpack-runtime-04c291805d67b7a522ac.js","app-5cd775ff36bb8b1e5491.js"],