{"errors":[],"warnings":[],"namedChunkGroups":{"app":{"chunks":[29,7],"assets":["webpack-runtime-4609a931654c508baa9a.js","webpack-runtime-4609a931654c508baa9a.js.map","app-24fcd04e81e3ad4830e9.js","app-24fcd04e81e3ad4830e9.js.map"],"children":{},"childAssets":{}},"component---src-templates-page-tsx":{"chunks":[0,1,8],"assets":["0-7ccf0dcde990b7c632ed.js","0-7ccf0dcde990b7c632ed.js.map","1.657421ca44390fbe2265.css","1-257d9d9026b2001c2221.js","1.657421ca44390fbe2265.css.map","1-257d9d9026b2001c2221.js.map","component---src-templates-page-tsx-7d650fc0632d698cec5c.js","component---src-templates-page-tsx-7d650fc0632d698cec5c.js.map"],"children":{},"childAssets":{}},"component---src-pages-404-tsx":{"chunks":[0,1,9],"assets":["0-7ccf0dcde990b7c632ed.js","0-7ccf0dcde990b7c632ed.js.map","1.657421ca44390fbe2265.css","1-257d9d9026b2001c2221.js","1.657421ca44390fbe2265.css.map","1-257d9d9026b2001c2221.js.map","component---src-pages-404-tsx-b20b0eb0669ce8eedbaf.js","component---src-pages-404-tsx-b20b0eb0669ce8eedbaf.js.map"],"children":{},"childAssets":{}},"component---src-pages-addl-info-tsx":{"chunks":[0,2,3,28,10],"assets":["0-7ccf0dcde990b7c632ed.js","0-7ccf0dcde990b7c632ed.js.map","2-34b87a184eb52590fd1f.js","2-34b87a184eb52590fd1f.js.map","3-ea9c913dd793ff010541.js","3-ea9c913dd793ff010541.js.map","28-f3f1b488f5bb3e2dc83a.js","28-f3f1b488f5bb3e2dc83a.js.map","component---src-pages-addl-info-tsx.657421ca44390fbe2265.css","component---src-pages-addl-info-tsx-23c6d3d938782fdda453.js","component---src-pages-addl-info-tsx.657421ca44390fbe2265.css.map","component---src-pages-addl-info-tsx-23c6d3d938782fdda453.js.map"],"children":{},"childAssets":{}},"component---src-pages-admin-details-tsx":{"chunks":[0,2,3,4,11],"assets":["0-7ccf0dcde990b7c632ed.js","0-7ccf0dcde990b7c632ed.js.map","2-34b87a184eb52590fd1f.js","2-34b87a184eb52590fd1f.js.map","3-ea9c913dd793ff010541.js","3-ea9c913dd793ff010541.js.map","4-f807dd7239772bbbfec6.js","4-f807dd7239772bbbfec6.js.map","component---src-pages-admin-details-tsx.c23df3317b2f840a8f1f.css","component---src-pages-admin-details-tsx-a1e00f4f4f8774722129.js","component---src-pages-admin-details-tsx.c23df3317b2f840a8f1f.css.map","component---src-pages-admin-details-tsx-a1e00f4f4f8774722129.js.map"],"children":{},"childAssets":{}},"component---src-pages-admin-index-tsx":{"chunks":[0,2,3,5,12],"assets":["0-7ccf0dcde990b7c632ed.js","0-7ccf0dcde990b7c632ed.js.map","2-34b87a184eb52590fd1f.js","2-34b87a184eb52590fd1f.js.map","3-ea9c913dd793ff010541.js","3-ea9c913dd793ff010541.js.map","5-babb4c60fabcfe29d238.js","5-babb4c60fabcfe29d238.js.map","component---src-pages-admin-index-tsx.96fee157dbeb05838248.css","component---src-pages-admin-index-tsx-b6177466df18f58bf9c0.js","component---src-pages-admin-index-tsx.96fee157dbeb05838248.css.map","component---src-pages-admin-index-tsx-b6177466df18f58bf9c0.js.map"],"children":{},"childAssets":{}},"component---src-pages-admin-manage-questions-tsx":{"chunks":[0,2,3,5,13],"assets":["0-7ccf0dcde990b7c632ed.js","0-7ccf0dcde990b7c632ed.js.map","2-34b87a184eb52590fd1f.js","2-34b87a184eb52590fd1f.js.map","3-ea9c913dd793ff010541.js","3-ea9c913dd793ff010541.js.map","5-babb4c60fabcfe29d238.js","5-babb4c60fabcfe29d238.js.map","component---src-pages-admin-manage-questions-tsx.96fee157dbeb05838248.css","component---src-pages-admin-manage-questions-tsx-5032340187a1b0cd53d6.js","component---src-pages-admin-manage-questions-tsx.96fee157dbeb05838248.css.map","component---src-pages-admin-manage-questions-tsx-5032340187a1b0cd53d6.js.map"],"children":{},"childAssets":{}},"component---src-pages-admin-rules-tsx":{"chunks":[0,2,3,4,14],"assets":["0-7ccf0dcde990b7c632ed.js","0-7ccf0dcde990b7c632ed.js.map","2-34b87a184eb52590fd1f.js","2-34b87a184eb52590fd1f.js.map","3-ea9c913dd793ff010541.js","3-ea9c913dd793ff010541.js.map","4-f807dd7239772bbbfec6.js","4-f807dd7239772bbbfec6.js.map","component---src-pages-admin-rules-tsx.96fee157dbeb05838248.css","component---src-pages-admin-rules-tsx-cb9e413f8c70b40d559c.js","component---src-pages-admin-rules-tsx.96fee157dbeb05838248.css.map","component---src-pages-admin-rules-tsx-cb9e413f8c70b40d559c.js.map"],"children":{},"childAssets":{}},"component---src-pages-admin-site-tsx":{"chunks":[0,2,3,4,15],"assets":["0-7ccf0dcde990b7c632ed.js","0-7ccf0dcde990b7c632ed.js.map","2-34b87a184eb52590fd1f.js","2-34b87a184eb52590fd1f.js.map","3-ea9c913dd793ff010541.js","3-ea9c913dd793ff010541.js.map","4-f807dd7239772bbbfec6.js","4-f807dd7239772bbbfec6.js.map","component---src-pages-admin-site-tsx.96fee157dbeb05838248.css","component---src-pages-admin-site-tsx-a53b0ed74cbb6d9d17b3.js","component---src-pages-admin-site-tsx.96fee157dbeb05838248.css.map","component---src-pages-admin-site-tsx-a53b0ed74cbb6d9d17b3.js.map"],"children":{},"childAssets":{}},"component---src-pages-cancel-appt-tsx":{"chunks":[0,1,16],"assets":["0-7ccf0dcde990b7c632ed.js","0-7ccf0dcde990b7c632ed.js.map","1.657421ca44390fbe2265.css","1-257d9d9026b2001c2221.js","1.657421ca44390fbe2265.css.map","1-257d9d9026b2001c2221.js.map","component---src-pages-cancel-appt-tsx-3139b8252093672a1de3.js","component---src-pages-cancel-appt-tsx-3139b8252093672a1de3.js.map"],"children":{},"childAssets":{}},"component---src-pages-contact-info-tsx":{"chunks":[0,1,17],"assets":["0-7ccf0dcde990b7c632ed.js","0-7ccf0dcde990b7c632ed.js.map","1.657421ca44390fbe2265.css","1-257d9d9026b2001c2221.js","1.657421ca44390fbe2265.css.map","1-257d9d9026b2001c2221.js.map","component---src-pages-contact-info-tsx-14dee3294fe391232601.js","component---src-pages-contact-info-tsx-14dee3294fe391232601.js.map"],"children":{},"childAssets":{}},"component---src-pages-done-tsx":{"chunks":[0,1,18],"assets":["0-7ccf0dcde990b7c632ed.js","0-7ccf0dcde990b7c632ed.js.map","1.657421ca44390fbe2265.css","1-257d9d9026b2001c2221.js","1.657421ca44390fbe2265.css.map","1-257d9d9026b2001c2221.js.map","component---src-pages-done-tsx-55eaedea626d09e74c06.js","component---src-pages-done-tsx-55eaedea626d09e74c06.js.map"],"children":{},"childAssets":{}},"component---src-pages-have-order-tsx":{"chunks":[0,1,19],"assets":["0-7ccf0dcde990b7c632ed.js","0-7ccf0dcde990b7c632ed.js.map","1.657421ca44390fbe2265.css","1-257d9d9026b2001c2221.js","1.657421ca44390fbe2265.css.map","1-257d9d9026b2001c2221.js.map","component---src-pages-have-order-tsx-2df879567b033af0a2ce.js","component---src-pages-have-order-tsx-2df879567b033af0a2ce.js.map"],"children":{},"childAssets":{}},"component---src-pages-index-tsx":{"chunks":[0,2,1,6,20],"assets":["0-7ccf0dcde990b7c632ed.js","0-7ccf0dcde990b7c632ed.js.map","2-34b87a184eb52590fd1f.js","2-34b87a184eb52590fd1f.js.map","1.657421ca44390fbe2265.css","1-257d9d9026b2001c2221.js","1.657421ca44390fbe2265.css.map","1-257d9d9026b2001c2221.js.map","6-109bfbd42637458c1be6.js","6-109bfbd42637458c1be6.js.map","component---src-pages-index-tsx-9173dd0cb2a0213e02e0.js","component---src-pages-index-tsx-9173dd0cb2a0213e02e0.js.map"],"children":{},"childAssets":{}},"component---src-pages-mri-type-tsx":{"chunks":[0,2,1,6,21],"assets":["0-7ccf0dcde990b7c632ed.js","0-7ccf0dcde990b7c632ed.js.map","2-34b87a184eb52590fd1f.js","2-34b87a184eb52590fd1f.js.map","1.657421ca44390fbe2265.css","1-257d9d9026b2001c2221.js","1.657421ca44390fbe2265.css.map","1-257d9d9026b2001c2221.js.map","6-109bfbd42637458c1be6.js","6-109bfbd42637458c1be6.js.map","component---src-pages-mri-type-tsx-81ab2890fff2fa5f7b06.js","component---src-pages-mri-type-tsx-81ab2890fff2fa5f7b06.js.map"],"children":{},"childAssets":{}},"component---src-pages-no-order-tsx":{"chunks":[0,1,22],"assets":["0-7ccf0dcde990b7c632ed.js","0-7ccf0dcde990b7c632ed.js.map","1.657421ca44390fbe2265.css","1-257d9d9026b2001c2221.js","1.657421ca44390fbe2265.css.map","1-257d9d9026b2001c2221.js.map","component---src-pages-no-order-tsx-9445e690512f3d4412ce.js","component---src-pages-no-order-tsx-9445e690512f3d4412ce.js.map"],"children":{},"childAssets":{}},"component---src-pages-no-type-tsx":{"chunks":[0,1,23],